{"canada": [11, 887, 1598.0, 2397, 10062, 1165.6990160522037], "united states": [15, 1317, 2155.0, 3112, 15956, 1366.3939389606044], "united states of america usa": [15, 1317, 2155.0, 3112, 15956, 1366.3939389606044], "united kingdom": [30, 390, 3150.0, 3250, 3979, 1288.5689410751372],  "united kingdom uk": [30, 390, 3150.0, 3250, 3979, 1288.5689410751372], "ireland": [238, 1299, 1992, 3161, 12127, 1579.246441097349], "wales": [35, 3100, 3170, 3270, 3799, 1218.5753491601097], "belgium": [866, 1299, 1667.0, 2339, 6497, 1416.0354345992953], "israel": [3751, 3751, 3751, 3751, 3751, 0.0], "hungary": [375, 1464, 2079, 3023, 6236, 1322.6663587491887], "scotland": [30, 380, 3150, 3250, 4390, 1323.3985705726632], "poland": [399, 1731, 2772.0, 3464, 6779, 1265.7345379779294], "australia": [503, 1596, 2781.0, 3196, 5031, 1069.7979200969453], "m\u00e9xico": [738, 1894, 2334.0, 3033, 4548, 1000.5901182677583],  "m\\u00e9xico": [738, 1894, 2334.0, 3033, 4548, 1000.5901182677583],"mexico": [738, 1894, 2334.0, 3033, 4548, 1000.5901182677583],"greece": [242, 1559, 2382.0, 2945, 5111, 1261.3851439607802], "germany": [172, 952, 1645.0, 2598, 5630, 1179.9618954831737], "france": [433, 1637, 2252, 3032, 5457, 1162.079182308828], "italy": [216, 1472, 2056.5, 2598, 5449, 1162.210743522136], "slovakia": [693, 1905, 2252.0, 2772, 17326, 3787.337519204619], "luxembourg": [1992, 1992, 3031, 1992, 3032, 490.0251694215992], "romania": [476, 1212, 2339, 2685, 5371, 1330.0576361780552], "kazakhstan": [1559, 1559, 1559, 1559, 1559, 0.0], "portugal": [38, 1472, 2425, 3464, 6887, 1462.0398039269203], "lithuania": [866, 1256, 1819, 2079, 4244, 784.8835777513876], "northern ireland": [320, 3110, 3230, 3300, 3695, 1149.7610812537635], "switzerland": [173, 2034, 3238.5, 5024, 7183, 1750.2459637415966], "denmark": [1299, 1472, 2512, 3811, 4504, 1160.2312987791129], "bulgaria": [285, 1818, 2772, 3465, 6929, 1417.071518472554], "slovenia": [857, 2252, 4330, 5197, 10394, 2207.699664701657], "turkey": [2165, 2165, 3330, 2165, 4948, 1141.1611046064731], "spain": [370, 1516, 1905.0, 3075, 5197, 1051.4451141147922], "sweden": [678, 1732, 2641.5, 3465, 5630, 1156.3631092924675], "austria": [370, 1039, 1732, 1992, 4678, 1263.9116895585585], "czech republic": [1712, 1905, 2598, 3725, 5890, 1309.8020763802215], "estonia": [779, 1472, 2295.0, 3465, 6063, 1472.9696177783026], "latvia": [952, 1256, 2035, 2945, 5197, 1187.2691908273748], "new zealand": [561, 1183, 2577.0, 3512, 7103, 1589.2703427114664], "singapore": [2195, 2195, 3192, 2195, 3272, 489.93627703565096], "netherlands": [360, 952, 1299.0, 1559, 7450, 1676.2646907960172], "brazil": [1596, 1596, 2793, 1596, 5587, 1672.2348984384807], "malta": [1471, 1471, 2814.5, 1471, 4158, 1343.5], "india": [118, 118, 118, 118, 118, 0.0], "georgia": [2793, 2793, 2858, 2793, 3033, 101.35197197007999], "russia": [2594, 2594, 2893.0, 2594, 3192, 299.0], "norway": [1905, 1992, 2598, 2598, 4070, 670.2725306217789], "ukraine": [1819, 1995, 2771.0, 3991, 3991, 946.1897272746096], "andorra": [2988, 2988, 3465, 2988, 3811, 337.40414276584687], "finland": [1126, 1819, 2555.0, 4812, 4812, 1418.4574367953378], "guatemala": [1915, 1915, 2553.5, 1915, 3192, 638.5], "croatia": [2122, 5111, 5370.5, 6497, 6497, 1645.5025068349182], "argentina": [558, 558, 1756, 558, 2394, 761.0770146458389], "venezuela": [1420, 1420, 1420, 1420, 1420, 0.0], "nigeria": [1429, 1429, 1429, 1429, 1429, 0.0], "hong kong": [2234, 2234, 2234, 2234, 2234, 0.0], "serbia": [4331, 4331, 4331, 4331, 4331, 0.0], "macedonia": [736, 736, 2165, 736, 3230, 1021.7796022408918], "puerto rico": [598, 4390, 4549.5, 6784, 6784, 2231.658618046228], "ecuador": [2393, 2393, 2393, 2393, 2393, 0.0], "cyprus": [3551, 3551, 3551, 3551, 3551, 0.0], "iceland": [2314, 2314, 2314, 2314, 2314, 0.0]}